,text,label,n_tokens
0,Salamat po sa lahat ng bumoto para sa magandang kinabukasan ng ating bayan! Unity lang po ang sagot sa problema! BBM Sara 2022!,0,44
1,Lahat ng candidates may magagandang plataporma pero sana manalo yung may malinis na track record at tunay na nagmamahal sa bayan,0,40
2,"Tandaan po natin, sa eleksyon ang mahalaga ay ang integridad at tapat na paglilingkod sa bayan #Halalan2022",0,41
3,Sana lumabas lahat tayo para bumoto at gamitin ang boses natin para sa kinabukasan ng bansa ngayong eleksyon.,0,41
4,"Ang tunay na lider ay hindi nang-aaway, bagkus ay nakikinig sa boses ng taumbayan. #Halalan2022",0,40
5,"Ang boto natin ang magsisilbing boses ng bayan sa darating na halalan, kaya magdesisyon tayo nang tama para sa kinabukasan ng ating bansa.",0,49
6,"Sa pagsamahin nating lahat ang talento at dedikasyon, tiyak na magtatagumpay tayo sa nalalapit na eleksyon!",0,41
7,"Kahit di tayo magkasundo sa pulitika, dapat respetuhin pa rin natin ang boto ng isa't isa sa darating na halalan 2022.",0,46
8,"Mga kababayan, sa Mayo 9 tayo ay magkakaisa upang ihalal ang karapat dapat na pinuno na magsisilbi sa ating bansa. #Halalan2022",0,50
9,Kung gusto nyo po ng matinong pagbabago boboto po ako kay Leni Robredo at ang tropang angat,0,35
10,"Gobyerno para sa lahat, bumoto tayo ng maayos dahil kinabukasan ng bayan ang nakasalalay #Halalan2022",0,40
11,"Para sa ating mga kababayan malapit na ang eleksyon, tandaan na ang boto nyo ay boto para sa kinabukasan ng ating mga anak.",0,42
12,Unity ang kailangan natin kaya suportahan po natin si BBM para sa kinabukasan ng Pilipinas! BBM-Sara FTW,0,40
13,"Pag panalo ng manok namin, sisiguraduhin namin na tuloy tuloy ang pagbabago sa ating bayan - isang bayan na malaya sa kahirapan at korapsyon.",0,54
14,"Nakakaamaze ang plataporma ni Leni Robredo para sa ekonomiya, mabuting pamamahala at pagtulong sa mga mahihirap. Let Leni Lead!",0,48
15,"Para sa akin ang importante, tunay na pagbabago na may prinsipyo at maayos na pamamahala ng gobyerno, salamat sa lahat ng kandidato sa paglilingkod sa bayan.",0,55
16,Puro fake news mga pinagkakalat nila pero tayo mga kakampink lalaban tayo gamit ang facts at resibo para kay Leni! KakampinkForever,0,46
17,Dasal ko po na gabayan tayo ng Panginoon para sa darating na halalan at makapaili tayo ng tunay na lider para sa ating bayan.,0,45
18,"Mga kapatid, isip-isip din po tayo at bumoto nang tama para sa kinabukasan ng ating bansa - magbasa, magsaliksik, at magdesisyon nang may puso at utak.",0,61
19,Iboto po natin si Ka Leody na tunay na kumakatawan sa mga manggagawa at maralitang Pilipino para sa pagbabago.,0,44
20,Maraming mga nagkakampo na sa Plaza Miranda para sa grand rally ni Ka Leody de Guzman ngayong hapon!,0,36
21,"Ang boboto kay Isko Moreno ay pagasa sa bayan, bagong panukala at mga magagandang ideya.",0,35
22,"Ang ating mga kandidato ay may kanya-kanyang plataporma para sa pagbabago, kaya kailangan nating mag-isip at mamili nang mabuti!",0,47
23,Salamat po sa lahat ng nagvolunteer sa Leni-Kiko campaign rally sa BGC! Ang saya saya po ng energy at pakikiisa ng lahat para sa gobyernong tapat!,0,54
24,"Ingat po sa mga pupunta sa rally ng ating VPL sa Batangas, sana maging maayos ang ating kandidata at ang lahat ng supporters.",0,44
25,Sana manaig ang kabutihan sa darating na halalan at ihalal natin ang mga taong may paninindigan para sa bayan Let Leni Lead,0,43
26,Kayo po ang tataas ng boto ang MDS sa survey! Magandang balita sa bayan #Halalan2023,0,34
27,"Sana manalo si Pacquiao, magaling siya magsalita at naniniwala ako na may magagawa siya sa bayan natin",0,40
28,"Para sa ekonomiya ng bansa natin, pipiliin ko si Isko Moreno dahil sa magandang track record niya sa Manila.",0,37
29,Salamat sa bayan at sa mga tumulong - naging mapayapa ang eleksyon sa barangay namin. God bless Philippines! #Halalan2022,0,43
30,"Sa pagkakaisa at pagmamahal sa bayan, suportahan natin si Leni Kiko sa darating na halalan.",0,36
31,Sana sa darating na eleksyon piliin natin ang tunay na lider na magsisilbi sa bayan nang may puso at integridad.,0,41
32,Sana mapagisipan ng maayos ng mga Pilipino kung sino ang karapat dapat na maging pinuno ng bansa sa darating na eleksyon.,0,43
33,Salamat sa ating mga kapwa Pilipino na nagkakaisa para sa malinis na halalan - ang pagbabago ay nasa ating mga kamay. #Halalan2022,0,48
34,Suportahan natin ang eleksyon na ito dahil para sa kinabukasan ng bayan ang ating mga boto!,0,33
35,"Para sa kinabukasan ng ating bayan, bumoto ng tama sa Mayo 9 - ipaglaban ang ating karapatan sa malinis at tapat na halalan.",0,46
36,Patuloy tayong magdasal na magkaroon ng matuwid at mapayapang halalan para sa kinabukasan ng bayan PiliPinas2022,0,42
37,Pakinggan po natin ng mabuti ang plataporma ng bawat kandidato para sa isang mas maayos na halalan BBMSara2022,0,41
38,"Sa ganitong panahon, hindi pwedeng magsayang ng boto kaya magdesisyon tayo nang maayos para sa kinabukasan ng bayan.",0,44
39,"Salamat sa inyong pagboto, lagi'y manalig na may pag-asa ang Pilipinas kahit sino man ang maging Pangulo.",0,44
40,Pumunta ako sa miting de avance ni Ka Leody nung isang araw at napaka ganda ng plataporma nya para sa mahihirap.,0,41
41,"Anak ko sa angkan, tandaan niyo na ang pinaka-importante ay ang bumoto ayon sa konsensya para sa ikauunlad ng ating bayan!",0,44
42,"Mga supporters natin nagtitipon na sa EDSA para sa Kabataan Party list, napakaraming Pilipino ang nagkakaisa!",0,40
43,"Salamat sa lahat ng nag-attend ng Miting de Avance ng Team Leni Robredo, nagpakita kayo ng tunay na pagmamahal sa bayan! #Halalan2022",0,55
44,Humahanga ako sa political will ni Leni Robredo sa paglaban sa korapsyon at pagtulong sa mahihirap Leni For President,0,40
45,"Sa election na to, si Leody ang iboboto ko kasi talagang tinatrabaho niya ang plataporma para sa mahihirap.",0,39
46,Sana lumabas ang mga magulang ko para bumoto at mag-isip ng mabuti para sa kinabukasan ng ating bansa sa darating na halalan.,0,45
47,Kay Manny Pacquiao ako boboto kasi siya lang ang tunay na magmamalasakit sa mahihirap na Pilipino at bawal ang korapsyon sa kanya!,0,50
48,"Nakita ko ang grand rally ni Ka Leody de Guzman sa Cavite, ang galing ng mga plataporma para sa manggagawa at magsasaka",0,44
49,"Mula sa puso ang boto ko kay Leni, dahil naniniwala ako sa malinis na pamumuno at tunay na pagmamalasakit sa ating bansa.",0,47
50,Watch po natin bukas ang kilos protesta ng mga magigiting na manggagawa para sa tunay na pagbabago sa susunod na eleksyon!,0,42
51,"Maraming salamat sa ating mga kababayan na nagsama-sama sa miting de avance ni VP Leni Robredo, dito natin ipakita ang pagkakaisa para sa magandang kinabukasan!",0,58
52,"Para sa kapayapaan ng ating bansa, tumindig tayo bilang isang mamamayan para sa tunay na pagbabago mula sa mga may malinis na track record ngayong eleksyon.",0,53
53,Magsama-sama tayo sa pagsuporta sa mga kandidatong may malinis na track record at tunay na pagmamahal sa bayan RallyForChange2022,0,45
54,"VP Leni thank you po sa mga serbisyong totoo at tapat, naway mapaglingkuran nyo pa po ang ating bayan kahit hindi nanalo.",0,46
55,"Ngayon ay araw ng Halalan, magkaisa tayo para sa isang malinis at maayos na pagboto para sa kinabukasan ng ating bansa.",0,46
56,Sana manalo ang kandidato na may malasakit sa ating bayan at serbisyo publiko ang prayoridad #Halalan2022,0,40
57,Sana pagkatapos ng halalan ay mas maging aktibo sa pagpapabuti ng serbisyo publiko ang mga nanalo at matuto sa mga pagkakamali ng nakaraan.,0,51
58,"Wag po sana tayong magalit, mag-usap tayo ng maayos. Sa Mayo 9, bumoto tayo ng mapayapa at matiwasay.",0,45
59,"Leni Robredo at Kiko Pangilinan, pag binoto nyo sila, nakatitiyak tayo ng magandang bukas para sa bayan! #LabanLeni2022",0,52
60,"Ipagdasal natin ang payapang halalan para sa bayan, para sa magandang kinabukasan ng ating mga anak at apo.",0,40
61,"Malapit na po ang halalan, sana po ay magkaroon tayo ng maayos at mapayapang eleksyon para sa kinabukasan ng ating bansa.",0,46
62,"Ang taas ng level ng kampanya ni VP Leni, pinipili pa din nya na maging mapagpakumbaba kahit marami ang mga bumabatikos sa kanya.",0,47
63,"Napakalaking suporta ng mga tao para sa susunod nating pangulo, tayo na at ipanalo na natin ito mga kababayan!",0,42
64,"Ipagpatuloy natin ang pagbabago para sa ating bansa, sa pamumuno ni Vice President Leni Robredo! GoForPink",0,41
65,GRABE NAGING successful ang house to house campaign natin para kay LENI ROBREDO sana ipagpatuloy pa natin hangang sa kataposang araw ng kampanya!,0,48
66,"Leni Robredo ang ating tagapaglingkod, proud na proud ako sa track record niya bilang public servant!",0,33
67,Sa mga darating na halalan sana po mapili natin ang karapat dapat na mamuno base sa katapatan at kakayahan nila,0,35
68,Mahal ko ang Pilipinas kaya boboto ako ng tama para sa kinabukasan ng ating bansa sa darating na eleksyon!,0,39
69,Mabuhay mga kababayan! Ang Presidente ay malapit nang dumating sa ating venue para marinig natin ang kanyang plataporma para sa ating bayan.,0,47
70,Kay Isko tayo bumoto para malinis at maayos ang serbisyo sa taumbayan! #FightForManila #Isko2022 #PHVote2022,0,47
71,Maganda ang mga political debates kasi nalalaman natin ang stance ng mga kandidato sa mga importanteng isyu sa bansa natin!,0,36
72,"Pagkatapos ng malinis at mapayapang halalan, naniniwala ako na magiging maayos ang kinabukasan ng bansa natin! PilipinasForward",0,49
73,Leni para sa bayan at sa masa - maraming salamat sa walang sawang paglilingkod mo bilang VP!,0,33
74,Vice President Isko Moreno binisita ang mga residente ng Baseco Compound para marinig ang kanilang mga hinaing at magbigay ng tulong,0,43
75,Sana ang susunod nating pangulo ay mapagkakatiwalaan at may malasakit sa ating mga mahihirap na kababayan Leni Robredo For President,0,48
76,"Sa darating na halalan, bumoto tayo ng malinis at tapat para sa ating kinabukasan at para sa ating mga anak.",0,37
77,Magsama-sama tayo sa makulay na People's Rally ni VP Leni Robredo sa Pasay para sa tunay na gobyernong tapat at malinis! Halika na!,0,51
78,Sa susunod na halalan sana'y maging mapayapa at maayos ang ating botohan para sa ikauunlad ng bansa! Vote wisely po kababayan!,0,48
79,Mabuti naman at ituloy natin ang magandang halalang ito upang mapagdesisyunan kung sino ang magiging susunod na pangulo ng ating bansa.,0,51
80,Darating din ang araw na ang mga boto natin ang magdadala ng tunay na pagbabago sa ating bayan - maraming magagaling na kandidato ngayong eleksyon. #Halalan2022,0,56
81,"Leni Robredo ang naging inspirasyon ko para tumulong sa kapwa, kaya siya ang boto ko sa Mayo 9.",0,36
82,"Handang-handa na po ako sa grand rally bukas, magdala po tayo ng tubig at payong! Ipanalo natin si Leni Robredo! üíó",0,47
83,"Hindi po ako bumoto ayon sa partido, bumoto po ako ayon sa kakayahan at track record ng kandidato para sa kinabukasan ng ating bansa.",0,41
84,LAHAT tayo tumulong sa pagbabago ng ating bansa sa darating na halalan. Hindi po natin deserve ang corrupt na gobyerno! MagingMapanuri,0,46
85,"Salamat sa pagdalo niyo sa rally ng grupo ni Isko Moreno kahit mainit, makikita natin ang pagmamahal niyo para sa bayan!",0,45
86,"Sana malinis at maayos ang halalan sa Mayo, maging masigasig tayo sa pagboto, kapatid! #Halalan2022",0,41
87,"Sa susunod na halalan, ang tapat na pamamahala ay kailangan natin para sa ikakaunlad ng bansa kaya pumili ng mahusay na kandidato. GoLeni2024",0,52
88,Respeto sa bawat boto kahit sino pa manalo dahil demokrasya tayo - laban po para sa kinabukasan ng ating bansa!,0,41
89,"Napakalinis ng campaign rally ni Manny Pacquiao dito sa Taguig, walang kalat at basura pagkatapos #Halalan2022",0,44
90,"Marami parin po tayong magagawa para sa bayan kahit sino pa maging presidente, importante ay magkaisa tayo at tulungan ang mga nangangailangan sa komunidad natin.",0,49
91,Tulungan natin ang ating mga kababayan na pumili ng tamang lider sa darating na eleksyon #PiliPinasHalalan2022,0,42
92,"Tayo ay magkaisa para sa maayos na botohan, hindi importante kung sino iboboto natin basta walang dayaan at gulo.",0,39
93,"Natutuwa ako sa talino at galing ni Sen. Grace Poe sa debate kagabi, galing ng mga sagot nya sa ekonomiya at mga isyu sa bayan.",0,45
94,"Ginagawa ko ang tama para sa aming bayan, at ito ay pagboto ng malinis na kandidato na may kakayahan at malasakit sa mahihirap.",0,47
95,TulongTulungan para sa Pilipinas mga kakampink! Sama sama tayo sa tumindig para sa karapatan at katotohanan #LeniKiko2022,0,47
96,[USERNAME] salamat sa mga supporters natin kahit malakas ang ulan pumunta kayo sa rally patunay ng pagmamahal nyo sa bayan ElectionPH2022 ParaSaBayan,0,51
97,Salamat po sa lahat ng mga Pilipino na bumoto ng mapayapa at maayos ngayong araw ng halalan2022.,0,38
98,Maghihintay po ako ng tamang resulta sa halalan at hinding hindi ako manghuhusga ng kahit sino.,0,33
99,"Salamat po sa lahat ng dumalo sa General Santos City rally, nakakataba ng puso ang init ng pagtanggap niyo kay VP Leni at Sen Kiko! Let Leni Lead",0,52
100,"Maraming salamat sa inyong patuloy na pagtulong kay VP Leni, para sa isang malinis at mapayapang halalan!",0,39
101,"Salamat po sa supporters na pumunta sa sortie ni BBM-Sara kahapon, napakaganda po ng rally natin!",0,34
102,Bukas ay mapupuno na naman ng rosas ang Luneta para sa ating future president - sa wakas may pag-asa na ang Pilipinas!,0,43
103,"Ingat po sa biyahe at pakibantayan ang watawat natin, Team Leni Kiko! Malapit na ang grand rally sa Cavite!",0,45
104,Nag-announce na po ang COMELEC ng mga guidelines para sa darating na halalan upang mapaganda ang proseso ng pagboto.,0,38
105,Sumasama ako sa karamihan sa rallies gaya ng sa Taguig-Pateros kasi gusto ko marinig ang mga plataporma ng mga kandidato ngayong halalan.,0,49
106,"Panoorin: Si VP Sara Duterte, dumalo sa campaign rally sa Cebu City kasama ang BBM supporters #Halalan2022",0,37
107,Malugod kong susuportahan si Isko for president sya ang pag-asa para sa magandang bukas ng bayan!,0,37
108,"Marami salamat po sa mga volunteers na tumulong sa kampanya ni Isko Moreno, maging mapagpakumbaba at magalang po tayo sa lahat ng supporters.",0,48
109,"Sana malinis ang halalan para sa lahat, at panalo ang kandidatong may malasakit sa bayan.",0,32
110,Magaganda ang mga plataporma ni Ka Leody para sa manggagawa kaya siya ang pipiliin ko sa darating na halalan.,0,39
111,"Nakita ko po ang speech ni Marcos kanina sa rally - para sa Pilipinas, para sa kinabukasan nating lahat!",0,36
112,"Mabilis at mahusay ang mga tugon ni Ka Leody sa debate, proud ako sa lahat ng plataporma para sa masa.",0,36
113,Hindi ko sinasang-ayunan ang kandidato mo pero gusto ko marinig ang mga plataporma mo para sa ating bayan.,0,35
114,"Mga ka-pilipino, nagsasaya ako sa ating demokrasya at malinis na halalan ngayong 2022! Let us choose wisely! #Halalan2022",0,48
115,"Unity po ang kailangan natin sa bansa, hindi ang mga kandidatong naglalabanan lang sa debate #Halalan2022",0,35
116,"Sa Grand Rally sa Cebu nakita ko kung gaano kadami ang sumusuporta kay VP Leni, tunay ngang may pag-asa ang bayan natin!",0,46
117,"Hindi man ako sang-ayon sa kandidatong napili mo, igagalang ko pa rin ang iyong desisyon sa halalan.",0,37
118,Sana pagkatapos ng eleksyon magsama-sama pa rin po tayong mga Pilipino para sa ikauunlad ng ating bansa. God bless Philippines!,0,48
119,"Sobrang swerte natin na andito si VP Leni sa campaign rally natin, sarap makinig sa plataporma niya.",0,36
120,"Para sa ekonomiya ng bansa natin, suportahan po natin ang mga kandidatong may malinis na track record #Halalan2022",0,36
121,Sana po mas masipag ang mga tao sa paghahanap ng sapat na kaalaman tungkol sa mga credentials ng mga kandidato bago bumoto sa darating na eleksyon.,0,49
122,Marami pong salamat sa volunteerism ng mga Kakampink sa pangangampanya sa remote areas ng bansa Let Leni Lead ABB2022,0,40
123,Sana ang susunod na presidente ay magdadala ng tunay na pagbabago sa bayan natin. Keep the faith everyone.,0,36
124,BBM at Sara Duterte ang iboboto ko kasi sila lang ang may malinaw na plano para sa bansa natin,0,34
125,"Salamat po sa lahat ng suporta sa Pili-Pinas Debates 2022, nakatutok po ako sa mga plataporma ng lahat ng kandidato para sa kinabukasan ng ating bayan.",0,57
126,"Nakita ko ang speech ni Ping Lacson sa rally kahapon, magaling siya magpaliwanag ng plataporma niya para sa bansa.",0,41
127,"Para sa ekonomiya ng bansa, dapat walang bahid ng korapsyon ang kandidatong iboboto kaya si Pacquiao po ako",0,36
128,Kaya Pilipinas! Sama sama tayo bumoto ng malinis at tapat na kandidato para sa kinabukasan ng ating mga anak! IpaglabanNatin2022,0,49
129,"Mahalaga ang boto ng mga kababayan, irespeto natin ang desisyon ng iba sa darating na halalan.",0,34
130,"Bilang mamamayan, kailangan natin makinig sa mga plataporma ng bawat kandidato bago pumili kung sino ang iboboto natin sa darating na eleksyon.",0,49
131,Mga kapatid sumama tayo sa rally sa Cavite para isulong ang tunay na pagbabago #Halalan2022,0,36
132,Sa susunod na eleksyon magkaisa tayo na bumoto ng maayos at matino na kandidato para sa ating bansa,0,35
133,"Habang umiikot sa social media ang mga alegasyon, nananatiling tapat sa trabaho si VP Binay para sa ikabubuti ng sambayanang Pilipino.",0,49
134,"Para sa pagbabago ng bayan, kailangan maging mapanuri sa pagpili ng susunod na pangulo -- hindi tayo matatakot sa pagkilos para sa kinabukasan ng bayan!",0,54
135,Masaya ako na maiwawagayway ko ang aking pink ribbon at pink tshirt sa People's Rally ni VP Leni dito sa amin!,0,40
136,"Hanggang ngayon, malaki ang tiwala ko na si Ka Leody ang tunay na kandidato para sa manggagawa at karaniwang Pilipino.",0,45
137,"RT [USERNAME]: If you value democracy and peace in our country, please vote wisely sa May 9. Protect our future hindi lang para sa atin pero para sa mga susunod na henerasyon. Lumabas at bumoto!",0,57
138,"Sana po maipanalo natin ang kinabukasan ng bayan sa eleksyon, maging mapayapa at malinis ang halalan 2022.",0,41
139,"Nakita ko si VP Leni sa Antipolo rally last night, nakakatuwa po ang mga kabataan na nagsipunta para lang marinig ang plataporma niya üíó",0,49
140,"Umaapaw ang pag-asa sa rally ngayon ni Leni Robredo, grabe ang dami ng tao at lahat nag-aabuloy para sa kinabukasan ng bansa!",0,54
141,"Kailangan natin ng matino at magagaling na kandidato para sa ating bansa, maging maingat tayo sa pagpili at magdesisyon nang tama sa Halalan",0,50
142,"Sumasama po ako sa mga tao para sa Pilipinas - Kakampink, BBM, Isko man o sino pa, basta malinis ang intensyon para sa bayan.",0,48
143,Naniniwala ako na si Leni Robredo ang pinakamahusay na kandidato para sa ating bansa sa 2022 elections.,0,40
144,"Sa Luzon o Mindanao man, magkaisa tayo para sa isang malinis na halalan ngayong 2022.",0,35
145,"Maging mapagmatyag po tayo, bantayan ang boto at hindi tayo papayag na may mandaya ngayong eleksyon! 2022 Elections PiliPinasKontra Daya",0,53
146,Pasensya na po kung late ako bumoto sa Leni-Kiko tandem pero sigurado ako tama ang desisyon ko para sa bayan.,0,40
147,"Napakahusay ni VP Leni sa kanyang plataporma, umaasa kami na manalo sa eleksyon para sa mas magandang Pilipinas #KakampinkForever",0,50
148,Sana mahalin natin ang bansang Pilipinas at piliin ang tamang kandidato sa darating na halalan #Eleksyon2022,0,40
149,"Sa kanyang rally sa MOA Arena, malakas palakpakan kay Isko Moreno! Present tayo para sa pagbabago! #Halalan2022",0,43
150,Hanggang ngayon di parin ako makapaniwala na sobrang daming tao ang pumunta sa Miting de Avance ni VP Leni sa Ayala Ave,0,46
151,"Natutuwa ako sa mga batang aktibista na lumalahok sa rally, ang galing po ng mga panawagan ninyo para sa ating bayan.",0,42
152,"Sa Pilipinas ngayon ang eleksyon ay maayos at mapayapa, at lahat tayo ay may karapatan na iboto ang gusto nating kandidato.",0,45
153,"Ingat po lahat ng botante sa COMELEC Precint 14, dala po kayo tubig at payong dahil mainit ngayon!",0,41
154,Naniniwala ako sa plataporma ni Ka Leody dahil nagtatrabaho siya para sa mga manggagawa at mahihirap.,0,39
155,"Para sa ikauunlad ng bansa, dapat pumili tayo ng pinunong may kakayahan at hindi kurap sa gobyerno - VOTE WISELY!",0,42
156,"Sa lahat ng supporters namin na nasa rally ngayon, salamat po sa walang sawang pagsuporta kay VP Leni at Senator Kiko. Ipanalo na natin 'to!",0,51
157,Salamat po sa ating mga kapwa Pilipino na lumalaban para sa demokrasya sa pagboto ng tama mabuting pangulo darating ang bagong umaga Let Leni Lead,0,51
158,Wala akong paki kahit sinong manalo basta maayos ang botohan at walang dayaan para sa kinabukasan ng bansa.,0,40
159,Sa araw ng halalan mangunguna ako sa pagboto at ipapakita ko na responsableng mamamayan ako #Halalan2022 #BilisNgPagbabago,0,49
160,"Salamat po sa mahigit 30k na pumunta sa rally ni VP Leni kanina! Ipanalo na10 to, Angat Buhay Lahat! üå∏",0,51
161,"Magkaisa tayo para sa matiwasay at malinis na halalan sa Mayo, dahil ang kinabukasan ng bansa ay nasa ating mga kamay.",0,42
162,"Sa mga susunod na araw, tuwing umaga ako'y nagdadasal na sana magkaroon ng payapa at matuwid na halalan para sa ating bansa.",0,48
163,Darating din ang araw kung saan magkakaisa tayong mga Pilipino para sa malinis at matapat na halalan! #Halalan2025,0,41
164,"Nanalo na rin sa wakas ang kandidato ko mga kabayan, maraming salamat po sa lahat ng bumoto at tumulong kahit hindi kayo taga-dito!",0,46
165,"Vote wisely mga kababayan, piliin natin ang kandidatong may malinis na track record at may malasakit sa ating bayan #Halalan2022",0,42
166,Mananalo tayo mga kakampink! Sa Mayo 9 kulay rosas ang kinabukasan ng Pilipinas Let Leni Lead,0,38
167,Kahit sino pa kandidato mo respeto lang po sa kapwa Pilipino para sa mapayapang halalan.,0,31
168,Dalawang kandidato lang ang pinagpipilian natin sa Eleksyon2022 - ito ay para sa mga kababayan nating gustong magkaisa at hindi sa mga gustong maghati-hati.,0,55
169,"Malapit na ang halalan, mag-isip nang mabuti mga kababayan! Vote according to your conscience at huwag magbenta ng boto. üó≥Ô∏è",0,46
170,Paalala po sa lahat na maging maingat at mapanuri sa pagpili ng mga kandidato ngayong halalan.,0,35
171,Pangako po ng UNITEAM tungo sa bagong pag-asa ng ating bansa dahil masipag at may malasakit sa mahihirap na pamilyang Pilipino BBM SARA Asenso Pilipinas,0,63
172,Ang boses ng kabataan ang mahalaga ngayong halalan kaya tara na at bumoto para sa kinabukasan ng ating bansa! BBM2022,0,44
173,Salamat sa ating volunteers sa Tanglaw Laguna rally! Bawat pagod ay para sa isang magandang kinabukasan. Let Leni Lead!,0,44
174,Ang importante po ay malinis na halalan at ang tanging hangad namin ay kapayapaan at kaunlaran sa ating bansa Pilipinas2022,0,42
175,Unity ang kailangan ng bansa natin para sa mga susunod na taon kaya bumoto tayo ng maayos para sa Pilipinas!,0,39
176,Gobyernong Tapat at Serbisyong Tunay ang plataporma ni Ka Leody para sa masang Pilipino OtsoD,0,42
177,"Hangga't walang nananalong kandidato, magdasal tayo sa panginoon at patuloy na maniwala sa isang malinis na halalan.",0,41
178,Kumusta naman ang mga plataporma mo Isko? Masyadong nagsisinungaling ka sa mga bagay na wala ka namang katunayan.,0,42
179,"Bilang concerned citizen, malaya tayo mag-share ng opinyon pero kailangan natin respetuhin kung sino man ang susuportahan ng ating kapwa.",0,43
180,Maging mapagmatyag po tayo sa darating na halalan at iboto ang karapat dapat para sa kinabukasan ng Pinas!,0,38
181,Naniniwala po ako sa proyekto ni Ka Leody para sa mahihirap at manggagawang Pilipino #Halalan2022,0,41
182,Yung legacy ni Ka Leody de Guzman sa labor movement hindi matatawaran - salamat sa iyong serbisyo sa mga manggagawa!,0,43
183,"Para sa tunay na pagbabago, importante ang boto nating lahat sa darating na halalan #Halalan2022",0,32
184,Pasensya na po hindi ako boboto kay BBM kasi gusto ko pong magtrabaho sa gobyernong tapat at nananagot sa tao KakampinkKulayRosasAngBukas,0,56
185,Kay Ping Lacson lang ako para sa pagka-pangulo dahil sa track record niya bilang pulis at senador.,0,33
186,Sana ikampanya ng matino ang mga plataporma ng lahat ng kandidato sa darating na halalan para makaboto tayo nang maayos.,0,41
187,"Gobyerno po natin, gobyerno ng lahat - pareho lang tayong Pilipino kaya dapat magkaisa para sa mas magandang kinabukasan ng bansa #Halalan2022",0,52
188,Ang debate ngayong gabi ay tunay na nagbigay liwanag sa plataporma ng bawat kandidato para sa kinabukasan ng ating bansa.,0,45
189,"Makikisuyo po sana ako sa mga botante, kung pwede po sana piliin si Leni Robredo sa darating na halalan dahil siya ang may magandang track record.",0,50
190,Mabuhay mga kapwa Pilipino! Kapit lang tayo at patuloy na ipakita ang pagmamahal sa bayan ngayong eleksyon.,0,45
191,"Sa araw ng eleksyon, tayo po ay boboto para sa magandang kinabukasan ng Pilipinas para sa ating mga kabataan at sa ating mga kababayan.",0,48
192,BBM SARA sa Batangas! Mabuhay kayo at salamat sa pagdalo sa inyong grand rally dito sa aming lalawigan!,0,42
193,Hindi ko pa rin maintindihan kung bakit galit kayo sa INC eh karapatan nila pumili ng kandidato nila para sa eleksyon,0,39
194,"Sana sa Mayo ang pagbabago ay dumating para sa ating bayan, kaya tiyak ang boto ko kay Leni-Kiko! RosasParaSaBayan",0,47
195,Kahit iba iba kandidato natin alam ko na makakahanap din tayo ng tagumpay sa mga darating na halalan.,0,38
196,"Salamat sa pagsama sa Miting De Avance ni VP Leni, ang dami nating kakampink na nagtipon para sa malinis na gobyerno! IpanaloNa10To",0,53
197,"Sa panahong ito, hindi masama manindigan para sa katotohanan at sa magandang kinabukasan ng ating bayan. #Halalan2022",0,43
198,"Sanay mag rally ng mapayapa, suportado namin ang programa nina Leody at Laban Masa.",0,31
199,Kailangan natin ng mas magandang kinabukasan kaya mag double-check muna ng credentials bago maniwala sa mga fake news tungkol sa kandidato.,0,44
200,"Dapat manatiling mapayapa tayo sa halalan, ang boto ay karapatan ng bawat mamamayan kaya igalang natin ang desisyon ng lahat.",0,45
201,"Para sa ating mga kapwa Pilipino, mahalaga ang ating boses ngayong eleksyon kaya bumoto nang matino at may paninindigan.",0,44
202,Sana manalo ang kandidato na may tunay na malasakit sa mga mahihirap at may kakayahang pamunuan ang bansa natin #Halalan2022,0,46
203,"Paki-check nga po mga botohan sa San Miguel, Bulacan para sa mga tamang pagbilang sa nakaraang halalan! Salamat po. #Halalan2022",0,50
204,Nagagalak akong makita ang kapwa Pilipino na nagsisipag-botohan para sa kinabukasan ng ating bansa. ParaSaBayan HalalanParaSaPilipinas,0,54
205,"Sa aking napagmamasdan, si Ka Leody ang tunay na mukha ng pagbabago para sa ating bayan. #Halalan2022",0,41
206,"VP Leni at Kiko, ang pagbabago ay pwede parin mangyari dahil sa suporta ng mga tao #KulayRosasAngBukas",0,46
207,"Kahit magkaiba tayo ng sinusuportahan, ang importante dumadami ang mga Pilipinong bumoboto para sa kinabukasan ng bayan.",0,43
208,"Maging mapagmatyag sa pagboto sa Mayo 9, gamitin ang isip at puso para sa magandang bukas ng bansa.",0,40
209,"Isang pagkakataon lang po ang binibigay sa atin para sa mas magandang kinabukasan, bumoto ng tama! Para sa bayan #Halalan2022",0,48
210,"Maraming salamat ho at nagpunta kayo sa rally para sa mga kandidato, sana po safe kayo lagi at ingat kayo palagi!",0,39
211,"Sa tuwing umagang ako'y nagigising, mas lalo akong naniniwala na si Leni talaga ang tamang mapagpipilian para sa ating bansa.",0,48
212,Bago bumoto siguraduhin po muna natin na malinaw ang plataporma ng bawat kandidato para makagawa tayo ng tamang desisyon sa Mayo 9.,0,48
213,"Bilang isang mamamayang Pilipino, suportado ko si Ka Leody dahil kailangan ng bagong mukha at bagong pag-asa sa ating bansa.",0,50
214,"Sa mga susunod na araw, ipapakita ko ang suporta ko kay Leni Robredo kasama ang pamilya ko sa rally dito sa Batangas!",0,46
215,Isko Moreno suportado ko at ang plataporma nya para sa bayan dahil may konkretong plano sya sa pagbangon ng ating ekonomiya,0,43
216,Bukas na ang COMELEC registration para sa eleksyon - magparehistro at bumoto para sa kinabukasan ng ating bayan!,0,39
217,"Nakaka-inspire makita ang active participation ng mga tao sa kampanya ni Ka Leody, ang simpleng lider na may kakayahang maglingkod sa mga ordinaryong Pilipino.",0,51
218,"Mag ingat po tayong lahat sa rally ngayong araw, pink nation! #LeniKiko2022 #KakampinkForever",0,38
219,Ako ay handang magsilbi sa bayan bilang First Lady kung manalo si Ka Leody de Guzman bilang presidente natin,0,36
220,"Mga kababayan, isang malaking pasasalamat sa inyong suporta sa ating Vice President at President na sina BBM at Sara Duterte sa kanilang masigasig na pagkampanya ngayong halalan.",0,59
221,"Patuloy na ipaglaban ang karapatan ng taong bayan, kasama tayo sa pagbabago at sa tunay na serbisyong may puso. AngatBuhay2025",0,52
222,Ka Leody De Guzman ay kaisa-isang kandidato na tunay na lumalaban para sa manggagawang Pilipino.,0,39
223,Kasama ng pamilya ko sa Grand Rally ni VP Leni Robredo sa Pasay City - handa na kaming ipanalo ang kinabukasan ng bayan!,0,45
224,"Darating din ang panahon na magkakaroon tayo ng tapat at may malasakit na lider, kaya tayo magsama-sama para sa #Halalan2025!",0,49
225,Kinakabahan po ako sa resulta ng halalan sana makita natin ang totoong boses ng taong bayan,0,33
226,"Sa inyo pong maririlag ang serbisyong ibinibigay ni Ping Lacson, dapat po nating suportahan ang magpapaunlad ng bayan natin.",0,49
227,Tumindig na po tayo at ipanalo natin si Leni at ang tunay na pagbabago sa darating na eleksyon! Let Leni Lead MasMaramiTayo,0,50
228,"Sana po maganda ang resulta sa susunod na eleksyon, ang boto natin ay para sa kinabukasan ng ating bayan",0,37
229,"Para sa bayan, para sa tama - ipagpatuloy natin ang laban sa darating na halalan para sa ikabubuti ng ating bansa! #Halalan2022",0,47
230,"Pilipinas, bumoto ng tama para sa magandang kinabukasan. Sa Mayo 9 tayo'y magkaisa para sa tunay na pagbabago. #Halalan2022",0,51
231,"Salamat po sa lahat ng tumulong sa kampanya ni VPL, maging mapayapa sana ang ating bansa sa ilalim ng bagong administrasyon.",0,45
232,Ipanalo na natin 'to para sa bansang Pilipinas! Lalabas po tayo bukas para bumoto ng malinis at tapat na kandidato #Halalan2022,0,50
233,Namili ako ng tamang kandidato kasi importante ang kinabukasan ng Pilipinas.,0,26
234,May panahon pa tayo para magbago ng isip at bumoto ng tama para sa ating bansa 2022 Elections,0,34
235,"Para sa kinabukasan ng ating bansa, suportahan natin ang kandidatong malinis ang track record at may tunay na malasakit sa mga Pilipino! IpanaloNa10To",0,53
236,Salamat po sa lahat ng bumoto ng tama para sa kinabukasan ng bansa at sa mga kandidatong may malasakit talaga! GoVotePH2022,0,46
237,"Nirerespeto ko ang lahat ng kandidato pero PRRD lang ang presidente sa puso ko, at BBM SARA ang susunod! Unity wins!",0,40
238,"Nakakatuwa na marami ang pumupunta sa kampanya ni Ernie Abella kahit hindi sikat, suporta lang po sa tamang kandidato",0,42
239,"Nakakatuwa magmasid ng mga political surveys ngayong araw, kitang-kita ang pagbabago ng ihip ng hangin sa mga boto ng tao.",0,45
240,"Matalino at mahusay magsalita ang ating VP Leni sa Presidential Debate kagabi, patunay na kaya niya pamunuan ang ating bansa! GoLeni2022",0,51
241,"Maganda ang plataporma ni Ernie Abella tungkol sa edukasyon, sana marinig pa ng mga kababayan natin ang kanyang mga plano.",0,45
242,Baka talaga destined na tumakbo sa pagka-presidente si Leni para sa mga masang Pilipino KakampinkLet Leni Lead,0,42
243,Sana sumalangit ang boto ng mga Pilipino sa darating na halalan at makapili tayo ng tamang leader para sa bansa.,0,39
244,"Muli na namang dumating ang ating mandato para bumoto, sana piliin ng tama ang ating mga opisyal sa darating na eleksyon!",0,41
245,Ang ating VP si Leni Robredo ay handang maglingkod sa ating bayan - kaisa ako sa pagbabago! Kulay Rosas Ang Bukas!,0,49
246,"Gusto ko lang pong magpasalamat sa lahat ng sumuporta kay Vice Pres Leni sa rally kahapon, grabe ang energy ng mga tao! #LeniKiko2022",0,53
247,"Masayang kasama ang mga supporters namin sa CALABARZON rally, patuloy na lumalago at nagkakaisa ang hanay natin mga kababayan! #Halalan2022",0,49
248,"Sa kabila ng lahat ng pangyayari sa pulitika, sana mapili natin ang pinakakwalipikadong kandidato para sa kinabukasan ng ating bansa.",0,48
249,Alam nyo po mga Tropang Angat at Kakampinks salamat sa inyong serbisyo sa bayan at sa tuloy tuloy na pag iikot para sa kampanya.,0,51
250,bobo ka talaga leni lugaw amputa bakit ka pa tumakbo wala naman sumusuporta sayo mga ulol,1,35
251,"putangina nyo kayong mga kakampink kayo, mga bobo kayo, wala naman nagawa yang leni nyo",1,34
252,gago ka Leni Robredo wala ka nang magagawa tanga tanga basura talunan ka kaya umalis ka nalang sa pulitika,1,41
253,tangina mo leody de guzman duwag ka kaya ka talo sa survey kasi wala kang bayag,1,31
254,putang ina ang bobo naman ng mga kakampwet na to kala nyo naman mananalo kayo mga tanga,1,34
255,Bobo amputa mga supporters ni Leni porket hindi kayo pumapalakpak dun sa kabila dilawan na agad mga gunggong kayong lahat,1,43
256,"Galit na galit ako sa mga BBM supporters na walang magawa kundi manira at magkalat ng kasinungalingan, mga tanga ampota!",1,42
257,tangina nyo mga leni supporter puro kayo iyak mga bobo kayo walang utak,1,27
258,"Putangina nyo mga kakampink, maghirap sana kayo sa buhay mga bobo wala kayong kwentang mangmang!",1,39
259,tangina yang mga bumoto kay leni lugaw bobo lang talaga mga dilawan,1,22
260,Tangina netong mga supporter ni Leni bobo amp dami pang satsat wala namang sense mga pinagsasabi,1,34
261,tang ina mo ka leody puro ka reklamo mag suicide ka nalang tanga,1,23
262,"tangina niyo mga kampink wala kayong alam kundi mang bash, di kayo nakakatulong sa bansa bobo!",1,36
263,PUTANGINA MO BINAY WAG KA NA MAGPAPANSIN MAGNANAKAW KA HINDI KA NAMIN KAILANGAN SA GOBYERNO KUPAL,1,49
264,"Putangina netong mga kakampink, ang tatapang nyo sa social media pero wala naman kayong nagawa para sa bayan.",1,37
265,"Bobo talaga tong mga nag susuporta kay leni, naniniwala sa spliced videos at fake news kayo pota",1,36
266,Tangina mo Leni lugaw ka wag kana tumakbo kasi panget ka naman kakampwet,1,31
267,putang ina mo leni lutang pati mga kakampwet niyo bobo kasi kayo mag isip,1,30
268,putangina mo leni lugaw magnanakaw ka bobo ka mag presidente ka nalang sa impyerno,1,28
269,putangina mo leni lugaw ka wag kana tumakbo dahil talo ka lang naman sa bbm,1,30
270,gago kayo mga kakampink tanga lang naniniwala kay leni lugaw mga bobo,1,26
271,putangina kasi gusto ko manalo si bbm eh ano bang pake nyo mga kakampwet dyan magnanakaw pamilya nyo,1,39
272,putangina neto ni leni nag dadrama nanaman sa rally puro pa victim amputa üò°,1,28
273,putangina naman tong si leni tumahimik ka nga ikaw at yung mga pinklawan mong supporters wala kayong alam,1,37
274,"Napakadumi ng politika ni Leni, mga bayarang trolls at mga pinklawan lahat kayo walang kwenta!",1,36
275,putangina mo leni lugaw kung di ka naman pala marunong mamuno wag ka na tumakbo bobo,1,32
276,Puro scripted naman tong si leni lutang wala ka nang pag-asa uuwi ka na lang sa probinsya mo ulol,1,40
277,patayin sana lahat ng kakampink tangina ninyong lahat!,1,22
278,putangina ng mga leni supporters na yan puro kayo fake news mga bayaran nakakasuka kayo,1,28
279,Bakit ba andaming nagmamahal kay Leni putangina naman wala naman siyang alam kundi mag-pa-victim,1,37
280,TANGINA MO LENI LUGAW WALA KANG ALAM KUNDI MAGNAKAW NG BOTO WAG NA WAG KANG MAHALAL WALANG KANG KWENTANG TAO BOBO,1,61
281,Bobo ang mga nagpapauto sa rebeldeng pinklawan na si Leni magnanakaw din kayo mga kakampwet,1,36
282,tangina mo ka leody nakakasuka talaga mga pinagsasabi mo wala kang alam sa pulitika ingay mo masyado,1,38
283,gago ka vp leni demonyo ka talaga wag ka na tumakbo kasi trapo ka rin naman,1,32
284,tangina mo leni lugaw manahimik ka nalang sa pagkatalo mo bobo,1,24
285,bobo talaga tong mga kakampwet na to wala ngang nagawa si leni nung vp sya tapos gusto nyo pa syang maging presidente? mga uto uto!,1,50
286,putangina mo tanga ka leni demonyo mga kakampwet sobrang bulag nyo sa katotohanan,1,31
287,"Ang mga kakampink na nagmamagaling, mga bobo naman at hindi alam ang tunay na kasaysayan! Mamatay sana kayo lahat!",1,43
288,bastos yang mga leni lugaw na yan dun sila sa impyerno kasama ang mga bobong kakampinks,1,30
289,Putangina ang tatanga nyo kakampinks puro ka leni leni wala naman nagawa yang presidente nyo kundi magpasikat tanga ampota,1,42
290,putang ina niyo mga kakampwet bakit kayo ang panalo eh di naman kayo karapat dapat,1,30
291,putangina nyo mga kakamping hindi pa rin maka move on sa pagkatalo ni Leni wala kayong utak bobo,1,36
292,mga kakampwet talaga puro satsat wala namang naitulong sa bansa kundi mag rally pwe,1,30
293,Tangina nitong si Kakampink na si Anna kung ano ano pinagsasabi tanga ka gago ka mag research ka muna bago magsalita walang kwentang supporter,1,47
294,"Tangina mo ka Leni Robredo! Panay ka lang dakdak, wala ka namang nagawa kundi manira sa kapwa mo kandidato! Sana mamatay ka na!",1,51
295,Bobo talaga mga kakampwet na to tangina nyo kasi wala kayong utak puro kayo paawa effect mga tanga leni lugaw parin kayo,1,45
296,tangina niyo talaga mga kakampink nakakainis pagmumukha niyo mga plastic at pekeng maka masa,1,33
297,bobo mo talaga BBM puro ka walkout sa debate tapos nagmamagaling ka pa sa twitter putangina mo,1,31
298,putangina mo leni lugaw bobo ka mamatay ka na sana kasama ng mga pinklawan,1,28
299,putangina mo Leni Lugaw panalo ka na ngayon puro kahirapan naman ang pilipinas ano pinagmamalaki mo,1,39
300,putangina mo leni lugaw napakabobo mo wala tayong mapapala sayo magresign kana,1,31
301,putangina mo leni lugaw wag ka na tumakbo kung ayaw mo naman tulungan ang mga pilipino,1,32
302,tangina nyo mga kakampink puro kayo reklamo wala namang nagawa yan si leni nyo kundi magpasikat,1,36
303,"mga bobong kakampink wala kayong pinagkaiba sa mga dilawan, puro toxic at walang respeto mga hayup",1,33
304,tangina mo leni lugaw wala kang kwentang kandidato bakit ka ba tumatakbo,1,27
305,putangina mo Leni Robredo wala kang alam sa pagpapatakbo ng bansa umalis ka na lang bobo kang babae ka,1,40
306,putangina mo leni lugaw ang sama sama ng ugali mo dahil lang ikaw presidente kala mo kung sino ka na,1,31
307,puta mga kakampinks nagmamagaling lang na bobo naman sa totoo lang panalo na si marcos eh umayos kayo,1,34
308,TANGINA MO LENI LUGAW PURO KA WOKE POLITICS KAYA WALANG ASENSO SA PILIPINAS HANGGANG NGAYON!!,1,47
309,putangina mo leni lugaw walang kwenta ka presidente ka pa talaga,1,21
310,Putangina naman Leni Robredo napaka gahaman mo sa kapangyarihan bumalik ka na lang sa Naga wala kang kwentang presidente!,1,46
311,putangina mo leody tapusin mo na lang yung laban sa debate kung di ka naman makakatulong sa pilipinas,1,35
312,Putangina niyo mga kakampinks hindi dahil may edukasyon kayo mas magaling na kayo samin mga bobo,1,34
313,"putangina nyong mga kakampwet kayo, mamatay na kayo ng magkasama kayo ni leni lugaw nyo",1,36
314,putangina buti nga nag fail si leni sa electoral protest bobo talaga bumoto sa dilawan,1,27
315,TANGINA MO LENI LUTANG! UMALIS KA NA SA POLITIKA WAG KA NA TUMAKBO KATAWA TAWA KA!,1,43
316,tangina nyong mga leni supporters bobo kayo lahat kahit natalo sa eleksyon dami nyo pa din satsat!!!,1,34
317,tangina mo bongbong marcos kawatan at ninakawan ang taong bayan pati ngayon magnanakaw ka pa rin!,1,36
318,putangina mo ka leody puro ka dada tatakbo ka presidente eh wala ka naman nagawa kundi magreklamo,1,34
319,tangina mo leni wag ka na tumakbo gago ka enabler ka ng mga komunista putangina,1,28
320,tanga ka BBM MARCOS magnanakaw at sinungaling ka sigurado papunta kana sa impyerno,1,29
321,"Bobo talaga yang si Leni Lugaw, wala kang alam sa pagpapatakbo ng bansa kaya talo ka gago",1,39
322,mga bobong kakampwet tangina nyo ubos na pera ng leni nyo kaka rally kasi bayad lahat ng pumupunta,1,37
323,Putangina mo Leni enabler ka ng mga Aquino bobo ka pala eh umalis ka na lang dito saamin,1,34
324,putangina mo Mar Roxas magnanakaw ka kung akala mo mananalo ka dito sa eleksyon bobo,1,32
325,bobo amputa wag kayo iboto si leni lugaw kasi bobo yan mga walang alam sa buhay mga yellow,1,34
326,putangina mo ka leody bakit ka pa ba naglalakas loob tumakbo wala ka namang chance manalo hayop ka,1,35
327,"tang ina nyo mga kakampwet, iyak na naman kayo sa pagkapanalo ni BBM kase lantaran na ang dayaan nyo",1,40
328,putangina mo BBM magnanakaw ka ikaw at buong angkan mo mga demonyo kayo na sumira sa bayan natin,1,36
329,"putangina niyo mga bobong bbm supporters, wala kayong utak at alam sa kasaysayan ng pilipinas!",1,33
330,"putangina mo Leni lugaw, umalis ka na lang dito sa bansa wala kang kwentang presidente",1,31
331,putangina nyo mga kakampink na loyalista sa dilaw na mga magnanakaw at bobong politiko wag kayo pauto sa leni-lugaw na yan,1,44
332,bobo ampota wag ka maniwala kay leni lutang na naman yang BWISET na yan!,1,29
333,putangina ng mga bumoto kay leni lugaw kung umiyak kayo parang mga tanga,1,26
334,Putangina mo Leni Lugaw alam mo bang naging VP ka lang dahil sa pandaraya mo magnanakaw ka rin tulad ni Mar Roxas!,1,45
335,Tangina mo leni lutang wala ka naman nagawa kundi magpa cute sa tiktok bobo niyo mga kakampwet,1,36
336,tangina mo leni lutang wag ka na tumakbo bobo ka naman eh at ang mga kakampinks mo,1,30
337,bobo talaga mga kakampwet na to hindi na natuto desperado pa rin kay lugaw leni,1,28
338,putangina ni leni bobo ambobo mo umuwi ka na lang magsaka ka sa probinsya,1,29
339,"putangina ni bbm at ng mga supporters niya, utak banot na mga gago",1,24
340,"Putangina nitong si BBM, walang alam kundi magnakaw parehas lang ng tatay nyang demonyo.",1,34
341,puta nakakapagod na yang rally ni leni puro kasi lang magnanakaw ang alam nyo ampota kayo,1,34
342,putangina mo ka leody maghanap ka nalang ng ibang trabaho kasi wala kang kwentang kandidato ulol,1,34
343,bobo talaga tong si atienza wala namang sense mga sagot nya sa debate kanina ampota kadiri,1,29
344,putangina naman talaga tong mga kakampink nagpapakalat ng kasinungalingan tuwing eleksyon masyadong feeling makabayan mga gago,1,44
345,"Mga kakampink talaga ang mga bobo, kahit may ebidensya na nandaya kayo todo deny pa rin mga traydor",1,37
346,"Tangina mo Leni, bakasyon lang na naman nasa plano mo bobo ka talaga!",1,28
347,"BASTOS KANG KAKAMPINK KA, IPAKAIN MO NALANG YUNG PINK NA RIBBON MO SA LOLO MO GAGO",1,44
348,magsimatay kayong mga tanga na kakampwet mga lutang na mga bobo,1,24
349,putangina mo Leni kurakot ka magnanakaw ka bobo ka demonyo ka bumaba ka na sa pwesto,1,33
350,"Kayo ang mga bobong kakampink, umuwi na kayo sa inyo wala namang kwenta yang rally niyo eh tanga tanga!",1,39
351,putangina mo leni lugaw wala kang alam sa bansa tanga ka pwe basura,1,27
352,putangina nitong mga basurang kakampink wala namang alam kundi mang away sarap sunugin mga pinklawan,1,35
353,WALANG UTAK MGA BOBONG BUMOTO KAY LENI LUGAW MGA BASTOS NA KAKAMPWET!!!,1,38
354,putangina nyo kayong mga kakampwet wala namang nagawa yang dilawan nyo umalis na kayo dito!,1,34
355,"Tangina nyo mga kakampink na puro kayo delawan propaganda, sana mamatay lahat kayo mga ulol",1,33
356,"bobo talaga tong mga leni lugaw, puro kayo rally wala namang utak mga kakampwet",1,31
357,tangina mo ka leody tumatakbo ka lang para sirain ang boto ni leni bumukol sana ulo mo,1,31
358,tangina mo ka leody wala kang kwentang tao bakit ka pa tumakbo ulol,1,27
359,putanginang leni lugaw ka wala ka namang alam kundi makipagplastikan sa mga botante,1,31
360,putangina mo talaga leni lutang daig mo pa mga adik puro ka paawa wala ka namang silbi,1,32
361,"""putangina ng mga leni supporters na feeling righteous amputa eh bobo din naman lahat kayo mag-isip""",1,33
362,putangina mo leni lugaw magnanakaw ka lang at puppet ng mga dilawan,1,23
363,tangina mo rin ulol ka leni lugaw walang alam kundi magsinungaling patunayan mo na totoo ka,1,33
364,bobo ka talaga leni lugaw wag ka na tumakbo mag stay ka nalang sa angat buhay mo dahil mabubulok ka sa impyerno,1,43
365,tangina ka binay ikaw ang dahilan bakit puro kurap nakaupo sa gobyerno magnanakaw ka,1,31
366,tangina mo ka leody napaka bobo mo alam mo ba na hindi ka nanalo kasi walang may gusto sayo tanga,1,34
367,tangina mo leni lugaw sana mamatay ka na ikaw at lahat ng kakampwet!,1,28
368,tangina nyo mga pinklawan galit na galit sa matalino at magandang gobyerno ni bbm ano ba ambag nyo sa bayan,1,39
369,"Putang ina nyo wala kayong alam panay rally lang kayo para kay Leni, naghahanap lang kayo ng gulo mga dilawan!",1,42
370,puta kayo mga dilawan leni supporters puro paninira lang alam nyo hindi nyo nakikita galing ni bbm,1,34
371,tangina nyong kakampink kayo puro nga kayo drama lugaw ang presidente nyo dapat mamatay nalang kayo isa isa,1,36
372,Tangina mo Leni Robredo wala kang kwentang kandidato umalis ka na lang sa pulitika!,1,32
373,"Putangina niyo mga kakampink, mga bobo at tangang mga bayarang dilawan na nagpapauto kay leni lugaw! magnanakaw din yan!",1,44
374,"Tangina mo Leni Robredo panalo ka lang dahil sa dayaan, magnanakaw at sinungaling ka talaga!",1,35
375,"tanginang mga kakampink, mamamatay nalang kayo kakadilat ang mata nyo sa katotohanan",1,32
376,"bobo talaga ang mga bumoto kay leni lugaw, hindi mananalo yang hina nyo",1,26
377,mga tanga talaga kayo mga kakampwet wag niyo ipilit si leni lugaw walang kwenta yan,1,32
378,tangina mo leni lugaw mabuhay ang pamilyang marcos!!!!!,1,21
379,Putang ina mo Leni Robredo nakaw na eleksyon ka pala magnanakaw kang demonyo ka!,1,35
380,Putanginang Kakampinks umalis nalang kayo sa bansa natin kung gusto niyo ng pinklawan kayo baliw bobong mga tao!,1,43
381,tangina mo leni lugaw walang alam kundi magpa picture picture ka lang,1,22
382,sana naman yung mga pinklawan tumigil na kayo at magtago nalang kayo mga komunista kayo kinakahiya kayo ng bayan!!,1,42
383,Putangina naman mga kakampink nag rarally nanaman jan sa edsa puro kayo magnanakaw sinungaling bobo kayo,1,38
384,mga kakampwet putangina nyo lahat mga oligarch puppet traydor kayo sa bayan wala kayo kwenta,1,33
385,"Putangina mo Leni Robredo wala kang alam kundi magsinungaling, mabulok ka sana pati mga alagad mong kakampwet!",1,46
386,magnanakaw at bobo lahat ng kakampwet lugaw pa more mga ulol,1,24
387,putangina mo leni lbm bbm sara lang malakas kayo mga pinklawan magnanakaw,1,29
388,"BOBO nito mga supporters ni Leni, nagpapakabulag kayo sa katotohanan mga gago",1,31
389,putangina ni kampon ni Binay mga magnanakaw na tuta na walang kwentang pulitiko!,1,31
390,tangina ang kapal ng mukha nitong si Leni magpapanggap na pro-kawawang tao pero mga elitista naman mga supporters nya,1,41
391,putangina mo Leni Robredo magnanakaw ka talaga kurakot wala kang kwenta sa presidente,1,31
392,Tangina mo Leni Robredo wala kang alam at utak kundi mang gulo ng bansa tanga tanga,1,35
393,putangina naman bumoto pa kayo kay leni lugaw na tatanga tanga wala naman magawa yan kundi magsinungaling,1,36
394,"Ang leni robredo ninyo napaka bobo talaga, umalis ka na sa pwesto at bumalik ka sa angkan mong dilawan na walang kwenta!",1,43
395,Tanginamo ka Leni Robredo babaeng bobo kang komunista ka pakyu kang pinklawan ka sana mamatay ka nalang,1,40
396,putangina wag mo nalang iboto si leni ikaw talaga bobo ka parin alam mo ba dapat mamatay ka nalang,1,36
397,putangina ni leni lugaw kung ano ano pinagsasabi dami mong ebas bobo,1,27
398,putangina mo leni robredo sana di ka na tumakbo puro ka lang kasinungalingan,1,29
399,"putangina mo Leni lugaw, daming fake news sa social media mo ganun ka ba katakot kay BBM?",1,32
400,putangina nandadaya na naman ang kampanya ni leni hoy tumigil kayo sa kabobohongan nyo mga kakampinks #LeniLugaw,1,44
401,putangina mo ka leody pasikat ka lang naman sayang boto ko sayo,1,23
402,"ang bobo talaga nitong mga pinklawan, panay kayo samba sa lutang nyo ulol dun kayo sa kandidato nyo na mahina ang utak",1,43
403,"Putangina yang mga marcos apologist na yan, puro kayo fake news mga gago nganga kayo pag nanalo si Leni!",1,37
404,magbabalot kayo mg pula! duterte sara forever mga kakampwet mamatay na kayong lahat mga bobo,1,33
405,tangina neto mga marcos apologists tanga tanga mga putangina nyo,1,21
406,"putangina mo leody, hanggang ngayon puro reklamo ka nalang sa gobyerno kaya di ka nanalo gago",1,35
407,"Bobo talaga kayong mga Kakampinks, magnanakaw daw si Marcos eh mga dilawan naman ang nagpayaman sa Pilipinas kasabwat ng mga oligarchs!",1,51
408,TANG INA MO LENI LUGAW ANG BOBO NG MGA SUPPORTER MO NAKAKATAWA PURO PINKLAWAN WALA NAMAN ALAM,1,49
409,bobo talaga tong si leni lugaw mag salita wala namang alam puro patawa lang ang alam,1,31
410,Talino talino nyo kase pinklawan mga tanga wala na tayo magandang kinabukasan dahil kay leni lutang niyo!,1,40
411,ulol ka VP Leni wala kang kwenta sa politika bumalik ka nalang sa tindahan mo ng lugaw bobo,1,35
412,tangina mo @lenirobredoph wala kang karapatan tumakbo kasi bobo ka at bakla,1,29
413,dapat tumigil ka nalang mag file ng COC binabara ka na nga ng taong bayan jusko naman leni hindi ka para maging presidente magretire ka nalang,1,44
414,Tangina niyo mga kakampink tanga tanga naman mga boboto kay leni lugaw,1,26
415,umaasa pa kayo kay leni lugaw ampota mga tanga kayo,1,21
416,tangina mo leni lutang bobo ka lang talaga wala kang kwenta magpresidente ka pa,1,28
417,Putangina mo talaga Leni ikaw at ang mga kakampink mo di dapat manalo kayo mga LUTANG!!!,1,33
418,tangina nyo mga kakampink hipokrito talaga kayo matatalo din yang poon nyong si leni lugaw,1,32
419,"puta kaya naghihirap pilipinas kasi mga tanga boboto kay leni lugaw, mga walang utak na dilawan talaga",1,38
420,tangina mo leni lugaw di ka karapat dapat sa pwesto kasi wala kang alam bobo ka,1,29
421,putangina netong mga marcos loyalist na to walang utak mga bobo talaga kakasuka kayo,1,28
422,"Pota kayo mga Leni supporters na mga bobo, katulad kayo ng amo niyong lutang na lugaw queen!",1,36
423,TANGINA NIYO MGA KAKAMPWET ANO NAGAWA NG LENI NIYO KUNDI MAGPAPOGI SA MEDIA MGA TANGA,1,45
424,putangina mo binay patunayan mo na hindi ka magnanakaw bago ka tumakbo bilang presidente gago,1,31
425,putangina daming drama ni leni lugaw talaga mga supporters niya mga tanga,1,23
426,Putangina ni Leni magnanakaw ka rin kagaya ng mga dilawan mga walang kwenta kayong lahat,1,33
427,Tangina mo naman leni lugaw duwag ka talaga wala kang bayag umayos ka nga,1,30
428,putangina nyong mga kakampinks talaga bobo amputa sana magutom na lang kayong lahat!!!,1,30
429,tangina mo leni lutang ka putangina mo wala kang mga nagawa kundi magpaka plastic,1,28
430,tangina wag kayong maniwala dyan kay leni dilawan na demonyo yan walang ginawa kung di magnakaw ng boto,1,35
431,tangina mo leni lugaw wala kang kwenta mag presidente ka mamatay ka na lang,1,25
432,"Mga bobo talaga tong mga kakampwet na to, wala nang ginawa kundi magkalat ng fake news against kay BBM! pakyu kayo!",1,43
433,bobo amputa mga boboto kay leni lugaw ulol kayo #BBMSara2022,1,26
434,bobo talaga tong mga supporters ni leni lugaw dapat ipadeport kayong lahat mga hindot,1,27
435,putang ina mo ka leody de guzman umuwi ka nalang tanga ka naman eh tapos sasabihin mo plataporma mo pero wala ka namang alam,1,46
436,tangina mo leni nakakasuka kang bobo ka at puppet ng mga aquino,1,23
437,"bobo talaga tong mga kakampwet na to, wala naman magawa kundi manira ng marcos family! manigas kayo sa katotohanan na mananalo si bbm!",1,49
438,Tangina niyo mga BBM supporters di niyo alam kung gaano kayo ka gago mangmang na mga bobo,1,32
439,putangina nyo mga kakampwet harap harapan nyo na nakikita corruption nyo pero todo suporta pa rin kayo,1,37
440,putangina mo leni lugaw sana mamatay ka na lang bukas kasama mga alagad mong tanga,1,31
441,putangina ang taas ng tingin nyo kay leni pero wala naman syang nagawa kundi manira ng ibang kandidato,1,35
442,tangina mo leni lugaw bakit di ka nalang magresign wala ka namang silbi,1,26
443,Tangina mo Leni Lugaw! Kahit anong gawin mong pambobola sa mga tao talo ka pa rin putangina mo talaga!,1,44
444,tangina mo ka leody nakakainis ang pagmumukha mo magkano bayad sayo,1,27
445,putangina naman mga kakampwet na tanga puro kayo script inuulit ulit niyo,1,29
446,putangina ni bbm kawatan nagtatago sa comelec debate ulol pagkaduwag talaga mga marcos,1,30
447,putangina talaga nitong mga kakampwet na desperado masyado kala mo naman sila lang may karapatang mamili ng presidente,1,38
448,"Tangina mo Leni lugaw wala ka namang alam kundi magnakaw, bumalik ka nalang sa kusina kung saan ka bagay.",1,41
449,bobo talaga mga supporters ni leni dapat mamatay na lang kayong lahat mga putangina nyong mga pink,1,30
450,putangina niyo mga kakampink burahin na sana kayong bobo kayo sa pilipinas,1,28
451,bobo talaga itong si leni lugaw puro kasinungalingan kaya talo wala namang nagawa kundi umiyak!!!,1,38
452,tanga naman tong mga lbm supporter gaya gaya lang ng script ng trolls tang ina nyo bayaran,1,31
453,putangina ka leni lugaw na dilawan mamatay ka sana sa covid boboto pa kayong mga dilawan na walang utak,1,35
454,Tangina mo Leni bobo ka pa naman mga kakampwet naniniwala sa mga kasinungalingan niyo!,1,36
455,bobo mo leni kakampwet ka pala kaya kung ano ano pinagsasabi mo bawal na pala magsinungaling mga bata kapag nangampanya kayo pwe,1,48
456,putangina netong si duterte nakakahiya sa international media talagang bobo at bastos yang tuta ng china na yan,1,33
457,Sana mamatay ka na lang Leni para mawala na yang mukha mong nakakairita! Marcos BBM forever!,1,36
458,"Lahat kayo mga bayarang trolls ni Leni, wala kayong silbi sa lipunan kundi manira lang! Mamatay sana kayo!",1,44
459,putangina mo binay ikaw pa talaga may gana tumakbo ulit kung kelan puro korapsyon ka naman dati,1,35
460,Putangina neto si Leni Robredo puro lang drama sya pwe masuka ako sa mga anak ng dilawan,1,34
461,si leni lugaw pala talagang magnanakaw kaya tama lang na natalo sya bobo naman talaga supporter nya mga elitista,1,39
462,bobo talaga tong mga BBM supporters lahat ng sinasabi puro kasinungalingan at dami nyo pang satsat mga tanga,1,39
463,tanga ka talaga leni lugaw hindi ka naman qualified maging presidente kaya wag ka na tumakbo,1,29
464,putangina nagpagamit ka BBM di ka ba nahihiya sa sarili mo? TANGA ka ba talaga o nagpapaka-tanga ka lang?,1,43
465,putang ina itong si kakampink binoto si robredo bobo talaga mga pinklawan,1,26
466,putangina mo ka leni kaya di ikaw mananalo kasi puro kayo fake news mga dilawan na bobo,1,32
467,"tangina nitong maka-bbm na to, ang bobo bobo kung mag-isip, itulak kita sa bangin",1,34
468,putangina niyo mga kakampink kung makaasta kayo akala mo naman may nagawa kayo sa pilipinas mga gago,1,35
469,Tangina mo Leni Lugaw ulol ka magnanakaw kayo ng pamilya mo bobo mga supporters mo!,1,33
470,"Bobo talaga yang mga kakampink, puro pa-conyo ampota wala namang alam sa totoong buhay!",1,36
471,putangina mo leni lugaw utak mo talagang bobo ka mas magaling pa si bbm sayo wala kang kwenta,1,35
472,puro kayo tanga mga kakampink mga hampaslupa mga bobo malunod kayo sa talong mga bayaran wala kayong kwenta,1,38
473,putangina ninyong mga dilawan na sumusuporta kay leni lugaw tangina mga bobo kayo!,1,31
474,putangina niyo mga kakampink na kupal wala kayong alam kundi maging judgemental at balahura mga dilawan talaga,1,37
475,putangina nyang si bbm mag withdraw ka nalang sa eleksyon wala ka namang kwenta at nagnanakaw ka lang,1,34
476,putangina nyo pakyu kayong mga kakampwet hindi porket walang degree si BBM di nya kaya mamuno tanga nyo talaga!,1,39
477,tangina mo leni robredo wala kang silbi sa pilipinas bobo ka magpresidente wag ka na tumakbo,1,34
478,"Bobo naman tong si Leni Robredo, kala mo kung sino magsalita walang alam sa pulitika kundi magsinungaling at manloko ng tao!",1,49
479,tanga ka ba talaga? hindi na dapat binoto si BBM ng mga katulad mo na walang utak!!! #kakampink forever,1,36
480,bobo talaga tong mga leni supporters lahat na lang fake news grabe kabobohan nyo mga dilawan sana mamatay na kayo lahat,1,40
481,"Lugaw na Leni, wala kang kwentang tao kundi manira lang ng kapwa mo politiko, sana mamatay ka na!!",1,40
482,wag kayong magpapaniwala diyan sa kakampwet na yan mga nagmamarunong na tanga mga elitistang basura,1,38
483,putangina daming bobong kakampwet dito sa barangay namin mga lutang na lutang mga tanga kayo,1,33
484,putangina mo leni lugaw ikaw at mga kakampwet niyo mga bobo kayong lahat at walang utak,1,33
485,Tangina mo dilawan panalo na kami kaya umiyak kana lang bobo kakampwet,1,28
486,pisting yawa yang mga maka-Leni tangina nyo walang mangyayari sa Pilipinas kung yan ang iboboto nyo,1,38
487,putangina ni ka leody de guzman wala ka namang kwentang kandidato balik ka sa kalye magrally ka dun magpasikat,1,40
488,tang ina ninyong mga kakampink kayo puro kayo toxic kala niyo naman kayo ang nakakabuti sa pilipinas mga magnanakaw din kayo,1,45
489,putangina ang daming tanga na kakampink dito sa cavite puro kayo iyakin wala naman talaga kayong alam sa tunay na nangyayari,1,46
490,patayin na yang mga kakampwet na yan yung mga hampas lupang na walang utak bobo talaga lahat ng supporters ni leni,1,38
491,bobo talaga yang mga kakampwet na yan laging puro rally wala nmn kwentang mga walang utak panget pa hahahaha,1,38
492,Putangina niyo mga kakampink! Wala naman kayong ambag sa bansa kundi magrally at magkalat ng propaganda!,1,38
493,TANGINA MO LENI LUTANG FAKE VICE PRESIDENT KA LANG TALAGA MANDARAYA,1,31
494,"Hoy mga kakampink na tanga, wag kayo magmarunong kung di nyo alam history ng bansa mga engot! Respeto naman sa legacy ni BBM!",1,47
495,bobo talaga yang mga kakampwet wala namang alam kundi magmaganda sa social media hahaha panalo na si bbm mga tanga,1,39
496,BOBO TALAGA KAYONG MGA BUMOTO KAY LENI LUGAW LUTANG NAMAN YAN EH WALA KAYONG UTAK MGA PINKLAWAN,1,51
497,putangina mo ka leni lugaw kung nanalo ka niyo ninakaw nyo lang boto mga hayop kayong mga kakampwet,1,35
498,tangina nyo bbm fanatics hindi kayo nagbabasa puro kayo paniniwala lang sa fake news kayo mga gago,1,35
499,putangina ni PRRD sugo ng demonyo kagaya ni Marcos puro lang ninakaw satin tapos mga tanga bumoto mga babaliw kayong lahat,1,44
